Org,Title,Location,Work Type,Department,Dept Tier,Date Posted,First Seen,Days Open,Salary,URL,Platform,Notes,App. Status
Newsela,"Assessment Services Specialist (Remote, US)",Remote - US,,Product Strategy,Core,2026-06-16,2026-06-16,0,,https://job-boards.greenhouse.io/newsela/jobs/7985973,greenhouse,,In-Queue
Newsela,"Director, Revenue Marketing (Remote, US)",Remote - US,,Marketing,Peripheral,2026-06-16,2026-06-16,0,,https://job-boards.greenhouse.io/newsela/jobs/8003912,greenhouse,,In-Queue
Newsela,Educational Data Analyst ,Remote - US,,Schoolytics,Core,2026-06-16,2026-06-16,0,,https://job-boards.greenhouse.io/newsela/jobs/7899338,greenhouse,,In-Queue
Newsela,"Enterprise Customer Success Manager (Remote, US)",Remote - US,,Customer ,Peripheral,2026-06-16,2026-06-16,0,,https://job-boards.greenhouse.io/newsela/jobs/7950881,greenhouse,,In-Queue
Newsela,"Learning Experience Designer, Supplemental ELA (Remote, US)",Remote - US,,Content Development,Core,2026-06-16,2026-06-16,0,,https://job-boards.greenhouse.io/newsela/jobs/7950900,greenhouse,,In-Queue
Newsela,"Manager, Assessment Services (Remote, US)",Remote - US,,Product Strategy,Core,2026-06-16,2026-06-16,0,,https://job-boards.greenhouse.io/newsela/jobs/7985966,greenhouse,,In-Queue
Newsela,"Project Based Freelance Contributor - Assessment Item Specialist, Science (Remote, US)",Remote - US,,Freelance,Peripheral,2026-06-16,2026-06-16,0,,https://job-boards.greenhouse.io/newsela/jobs/7723755,greenhouse,,In-Queue
Newsela,"Project Based Freelance Contributor - Assessment Item Specialist, Social Studies (Remote, US)",Remote - US,,Freelance,Peripheral,2026-06-16,2026-06-16,0,,https://job-boards.greenhouse.io/newsela/jobs/7859662,greenhouse,,In-Queue
Newsela,"Senior Design Engineer (Remote, US)",Remote - US,,Technology,Core,2026-06-16,2026-06-16,0,,https://job-boards.greenhouse.io/newsela/jobs/7998049,greenhouse,,In-Queue
Newsela,"Senior Product Manager, Supplemental ELA  (Remote, US)",Remote - US,,Product Management,Core,2026-06-16,2026-06-16,0,,https://job-boards.greenhouse.io/newsela/jobs/8007897,greenhouse,,In-Queue
Coursera,Staff Analytics Engineer ,United States,,Data Science,Core,2026-06-16,2026-06-16,0,,https://job-boards.greenhouse.io/coursera/jobs/6016494004,greenhouse,,In-Queue
Curriculum Associates,Senior Marketing and Data Analytics Manager,US MA Remote,,,Core,2026-06-16,2026-06-16,0,,https://curriculumassociates.wd5.myworkdayjobs.com/job/US-MA-Remote/Senior-Marketing-and-Data-Analytics-Manager_JR05315,workday,,In-Queue
Smithsonian Institution,"Exhibition Coordinator, IS-1001-11","Washington, DC",,,Peripheral,2026-06-16,2026-06-16,0,,https://trustcareers.si.edu/jobs/532331,rss,,In-Queue
McGraw Hill,"Senior Director, Product Management & Content Transformation",United States,FULL_TIME,,Core,2026-06-16,2026-06-16,0,,https://careers-mheducation.icims.com/jobs/6866/login,jibe,Req: 6866,In-Queue
Pearson,"Advanced Specialist, UX Researcher",United States,Remote,,Core,2026-06-16,2026-06-16,0,,https://hccz.fa.em3.oraclecloud.com/hcmUI/CandidateExperience/en/job/24422,oracle_orc,,In-Queue
Pearson,"Lead Specialist, Product Management",United States,Remote,,Core,2026-06-16,2026-06-16,0,,https://hccz.fa.em3.oraclecloud.com/hcmUI/CandidateExperience/en/job/24424,oracle_orc,,In-Queue
Pearson,"Specialist, Change Management",United States,Remote,,Peripheral,2026-06-16,2026-06-16,0,,https://hccz.fa.em3.oraclecloud.com/hcmUI/CandidateExperience/en/job/24627,oracle_orc,,In-Queue
Pearson,"Specialist, Program Manager",United States,Remote,,Peripheral,2026-06-16,2026-06-16,0,,https://hccz.fa.em3.oraclecloud.com/hcmUI/CandidateExperience/en/job/24634,oracle_orc,,In-Queue
Pearson,Software Engineering Manager - AI,"Hoboken, NJ, United States",Hybrid,,Core,2026-06-16,2026-06-16,0,,https://hccz.fa.em3.oraclecloud.com/hcmUI/CandidateExperience/en/job/24727,oracle_orc,,In-Queue
Pearson,"Associate, Scoring Services",United States,Remote,,Peripheral,2026-06-16,2026-06-16,0,,https://hccz.fa.em3.oraclecloud.com/hcmUI/CandidateExperience/en/job/24760,oracle_orc,,In-Queue
McREL International,⚠ Manual Review Required,,,,Peripheral,2026-06-16,2026-06-16,0,,https://www.mcrel.org/careers/,manual,"Merged with ESC Region 13; AppliTrack tenant is the school district, not McREL",In-Queue
Wiki Education,⚠ Manual Review Required,,,,Peripheral,2026-06-16,2026-06-16,0,,https://wikiedu.org/careers/,manual,"No ATS — hand-coded careers page, submissions to jobs@wikiedu.org",In-Queue
HathiTrust (UMich),⚠ Manual Review Required,,,,Peripheral,2026-06-16,2026-06-16,0,,https://careers.umich.edu/,manual,Taleo / Oracle — no public API; filter by HathiTrust on portal,In-Queue
National Writing Project,⚠ Manual Review Required,,,,Peripheral,2026-06-16,2026-06-16,0,,https://www.nwp.org/about/jobs/,manual,Static page on communityinitiatives.org — manual review,In-Queue
Project Gutenberg,⚠ Manual Review Required,,,,Peripheral,2026-06-16,2026-06-16,0,,https://www.gutenberg.org/about/contact_information.html,manual,Volunteer-only organization — no paid roles,In-Queue
2U / edX,Technical Operations Analyst,Crystal City,,Operations,Core,2026-06-15,2026-06-16,1,,https://job-boards.greenhouse.io/2u/jobs/8578997002,greenhouse,,In-Queue
Curriculum Associates,"Project Coordinator, Business Transformation",US Remote,,,Peripheral,2026-06-15,2026-06-16,1,,https://curriculumassociates.wd5.myworkdayjobs.com/job/US-Remote/Project-Coordinator--Business-Transformation_JR05354,workday,,In-Queue
Curriculum Associates,"Proposal Specialist, Adoptions and Proposals",US Remote,,,Peripheral,2026-06-15,2026-06-16,1,,https://curriculumassociates.wd5.myworkdayjobs.com/job/US-Remote/Proposal-Specialist--Adoptions-and-Proposals_JR05386-1,workday,,In-Queue
Amplify Education,"Instructional Coach, Biliteracy - NYC (Fixed-Term)",2 Locations,,,Peripheral,2026-06-15,2026-06-16,1,,https://amplify.wd1.myworkdayjobs.com/job/Remote---NY/Instructional-Coach--Biliteracy---NYC--Fixed-Term-_Req_12739-1,workday,,In-Queue
Amplify Education,"Group Curriculum Manager, Science",Remote - United States,,,Peripheral,2026-06-15,2026-06-16,1,,https://amplify.wd1.myworkdayjobs.com/job/Remote---United-States/Group-Curriculum-Manager--Science_Req_12756,workday,,In-Queue
Amplify Education,"Product Manager, PK-5 Literacy",Remote - United States,,,Core,2026-06-15,2026-06-16,1,,https://amplify.wd1.myworkdayjobs.com/job/Remote---United-States/Product-Manager--PK-5-Literacy_Req_12757,workday,,In-Queue
Smithsonian Institution,Project Manager IS-0301-11,"Washington, DC",,,Peripheral,2026-06-15,2026-06-16,1,,https://trustcareers.si.edu/jobs/529716,rss,,In-Queue
McGraw Hill,Cybersecurity Analyst ,United States,FULL_TIME,,Peripheral,2026-06-15,2026-06-16,1,,https://careers-mheducation.icims.com/jobs/6859/login,jibe,Req: 6859,In-Queue
McGraw Hill,Sr Cybersecurity Architect,United States,FULL_TIME,,Peripheral,2026-06-15,2026-06-16,1,,https://careers-mheducation.icims.com/jobs/6862/login,jibe,Req: 6862,In-Queue
Pearson,"Team Manager, Data Analytics & Business Intelligence","Hoboken, NJ, United States",,,Core,2026-06-15,2026-06-16,1,,https://hccz.fa.em3.oraclecloud.com/hcmUI/CandidateExperience/en/job/24289,oracle_orc,,In-Queue
Pearson,Senior Software Engineer,United States,Remote,,Core,2026-06-15,2026-06-16,1,,https://hccz.fa.em3.oraclecloud.com/hcmUI/CandidateExperience/en/job/24497,oracle_orc,,In-Queue
Pearson,"Enterprise Customer Success, Online Adult & Career Education","Las Vegas, NV, United States",Remote,,Peripheral,2026-06-15,2026-06-16,1,,https://hccz.fa.em3.oraclecloud.com/hcmUI/CandidateExperience/en/job/24630,oracle_orc,,In-Queue
Pearson,"Specialist, Customer Success",United States,Remote,,Peripheral,2026-06-14,2026-06-16,2,,https://hccz.fa.em3.oraclecloud.com/hcmUI/CandidateExperience/en/job/24601,oracle_orc,,In-Queue
Encyclopaedia Britannica,Associate Photo Editor,Remote,Remote,Encyclopaedia Britannica,Peripheral,2026-06-12,2026-06-16,4,,https://apply.workable.com/encyclopaedia-britannica/j/9B561284B1,workable,,In-Queue
Encyclopaedia Britannica,Sponsored Content Editor,Remote,Remote,Encyclopaedia Britannica,Peripheral,2026-06-12,2026-06-16,4,,https://apply.workable.com/encyclopaedia-britannica/j/8BC30A8B8A,workable,,In-Queue
McGraw Hill,Software Engineer III,United States,FULL_TIME,,Core,2026-06-12,2026-06-16,4,,https://careers-mheducation.icims.com/jobs/6798/login,jibe,Req: 6798,In-Queue
McGraw Hill,Project Manager,United States,,,Peripheral,2026-06-12,2026-06-16,4,,https://careers-mheducation.icims.com/jobs/6846/login,jibe,Req: 6846,In-Queue
McGraw Hill,Sr Software Engineer,United States,FULL_TIME,,Core,2026-06-12,2026-06-16,4,,https://careers-mheducation.icims.com/jobs/6544/login,jibe,Req: 6544,In-Queue
Pearson,"Advanced Specialist, Strategy",United States,Remote,,Core,2026-06-12,2026-06-16,4,,https://hccz.fa.em3.oraclecloud.com/hcmUI/CandidateExperience/en/job/24327,oracle_orc,,In-Queue
Pearson,"Advanced Specialist, Service Provider (Special Education)",United States,Remote,,Peripheral,2026-06-12,2026-06-16,4,,https://hccz.fa.em3.oraclecloud.com/hcmUI/CandidateExperience/en/job/24524,oracle_orc,,In-Queue
Pearson,"Specialist, Content Producer",United States,Remote,,Peripheral,2026-06-12,2026-06-16,4,,https://hccz.fa.em3.oraclecloud.com/hcmUI/CandidateExperience/en/job/24603,oracle_orc,,In-Queue
Wikimedia Foundation,"Manager, Community Partnerships",Remote,,Advancement,Peripheral,2026-06-11,2026-06-16,5,,https://job-boards.greenhouse.io/wikimedia/jobs/7859300,greenhouse,,In-Queue
Wikimedia Foundation,"Senior Software Engineer, Core Experiences",Remote,,Product & Technology,Core,2026-06-11,2026-06-16,5,,https://job-boards.greenhouse.io/wikimedia/jobs/7875719,greenhouse,,In-Queue
Wikimedia Foundation,"Software Engineer III, Core Experiences",Remote,,Product & Technology,Core,2026-06-11,2026-06-16,5,,https://job-boards.greenhouse.io/wikimedia/jobs/7919287,greenhouse,,In-Queue
Wikimedia Foundation,"Software Engineer III, Editing ",Remote,,Product & Technology,Core,2026-06-11,2026-06-16,5,,https://job-boards.greenhouse.io/wikimedia/jobs/7997194,greenhouse,,In-Queue
Mozilla Foundation,"Staff Solutions Engineer (France), Firefox Enterprise",Remote,,New Products,Core,2026-06-11,2026-06-16,5,,https://job-boards.greenhouse.io/mozilla/jobs/7991257,greenhouse,,In-Queue
Mozilla Foundation,Technical Content Marketing Specialist,Remote,,MZLA/Thunderbird,Core,2026-06-11,2026-06-16,5,,https://job-boards.greenhouse.io/mozilla/jobs/7983290,greenhouse,,In-Queue
Curriculum Associates,Deal Operations Specialist,US Remote,,,Peripheral,2026-06-11,2026-06-16,5,,https://curriculumassociates.wd5.myworkdayjobs.com/job/US-Remote/Deal-Operations-Specialist_JR05393,workday,,In-Queue
OCLC,Solutions Strategist - Public Libraries,U.S. Work from Home,,,Core,2026-06-11,2026-06-16,5,,https://oclc.wd1.myworkdayjobs.com/job/US-Work-from-Home/Solutions-Strategist---Public-Libraries_R0003842,workday,,In-Queue
OCLC,"Regional Director, Library Services","Dublin, OH / Hybrid",,,Peripheral,2026-06-11,2026-06-16,5,,https://oclc.wd1.myworkdayjobs.com/job/Dublin-OH--Hybrid/Director-Sales_R0003852,workday,,In-Queue
Smithsonian Institution,"Explainers Program Assistant, IS-1016-05","Washington, DC",,,Core,2026-06-11,2026-06-16,5,,https://trustcareers.si.edu/jobs/529703,rss,,In-Queue
Smithsonian Institution,"Public Affairs Specialist, IS-1035-09","Washington, DC",,,Core,2026-06-11,2026-06-16,5,,https://trustcareers.si.edu/jobs/530340,rss,,In-Queue
Macmillan Learning,"Senior Development Editor, High School",Remote,Hybrid,Editorial,Peripheral,2026-06-11,2026-06-16,5,,https://recruiting.ultipro.com/HOL1002HPHM/JobBoard/be27b89b-3cb9-491f-a1b0-42f8b077a9dd/OpportunityDetail?opportunityId=0ad61ab7-e1b6-4603-8f92-1b4aa609b6dd,ultipro,Req: SENIO003401,In-Queue
American Museum of Natural History,"Public Programs Manager, Film Programming and Budget Management","New York, NY",,,Peripheral,2026-06-11,2026-06-16,5,,https://careers.amnh.org/postings/4825,amnh,,In-Queue
McGraw Hill,Marketing Manager,United States,FULL_TIME,,Peripheral,2026-06-11,2026-06-16,5,,https://careers-mheducation.icims.com/jobs/6861/login,jibe,Req: 6861,In-Queue
Pearson,"Associate, Scoring Service","San Antonio, TX, United States",Remote,,Peripheral,2026-06-11,2026-06-16,5,,https://hccz.fa.em3.oraclecloud.com/hcmUI/CandidateExperience/en/job/24714,oracle_orc,,In-Queue
Mozilla Foundation,Senior Frontend Engineer,Remote US,,Firefox,Core,2026-06-10,2026-06-16,6,,https://job-boards.greenhouse.io/mozilla/jobs/7947573,greenhouse,,In-Queue
Mozilla Foundation,Senior Site Reliability Engineer,Remote US,,MZLA/Thunderbird,Core,2026-06-10,2026-06-16,6,,https://job-boards.greenhouse.io/mozilla/jobs/7985312,greenhouse,,In-Queue
Mozilla Foundation,Staff Operations Engineer,Remote,,Infrastructure,Core,2026-06-10,2026-06-16,6,,https://job-boards.greenhouse.io/mozilla/jobs/7973023,greenhouse,,In-Queue
Coursera,"Compensation Manager, Global Rewards",United States,,People,Peripheral,2026-06-10,2026-06-16,6,,https://job-boards.greenhouse.io/coursera/jobs/5989213004,greenhouse,,In-Queue
Curriculum Associates,"Director, External Communications",US Remote,,,Peripheral,2026-06-10,2026-06-16,6,,https://curriculumassociates.wd5.myworkdayjobs.com/job/US-Remote/Director--External-Communications_JR05392-1,workday,,In-Queue
PBS,"Sr. Manager, Local Content and Presence",Remote,,,Peripheral,2026-06-10,2026-06-16,6,,https://vhr-pbs.wd115.myworkdayjobs.com/job/Remote/Sr-Manager--Local-Content-and-Presence_JR1000292,workday,,In-Queue
OCLC,Senior Software Engineer,"Dublin, OH / Hybrid",,,Core,2026-06-10,2026-06-16,6,,https://oclc.wd1.myworkdayjobs.com/job/Dublin-OH--Hybrid/Senior-Software-Engineer_R0003862,workday,,In-Queue
OCLC,Lead Software Engineer,"Dublin, OH / Hybrid",,,Core,2026-06-10,2026-06-16,6,,https://oclc.wd1.myworkdayjobs.com/job/Dublin-OH--Hybrid/Lead-Software-Engineer_R0003795,workday,,In-Queue
OCLC,"Product Manager, FirstSearch","Dublin, OH / Hybrid",,,Core,2026-06-10,2026-06-16,6,,https://oclc.wd1.myworkdayjobs.com/job/Dublin-OH--Hybrid/Product-Manager--FirstSearch_R0003860,workday,,In-Queue
Macmillan Learning,Designer - Celadon,120 Broadway; Remote,Hybrid,Design,Core,2026-06-10,2026-06-16,6,,https://recruiting.ultipro.com/HOL1002HPHM/JobBoard/be27b89b-3cb9-491f-a1b0-42f8b077a9dd/OpportunityDetail?opportunityId=cec09a1f-2c55-4d35-8304-b61448d024e0,ultipro,Req: DESIG003397,In-Queue
McGraw Hill,Customer Success Representative (Miami),"Florida, United States",FULL_TIME,,Peripheral,2026-06-10,2026-06-16,6,,https://careers-mheducation.icims.com/jobs/6867/login,jibe,Req: 6867,In-Queue
Pearson,"Specialist, Product Manager",United States,,,Core,2026-06-10,2026-06-16,6,,https://hccz.fa.em3.oraclecloud.com/hcmUI/CandidateExperience/en/job/21428,oracle_orc,,In-Queue
Pearson,"Process Transformation Leader, AI-Enabled Workflows",United States,Remote,,Core,2026-06-10,2026-06-16,6,,https://hccz.fa.em3.oraclecloud.com/hcmUI/CandidateExperience/en/job/22847,oracle_orc,,In-Queue
Pearson,"Lead Specialist, Client Partner",United States,,,Peripheral,2026-06-10,2026-06-16,6,,https://hccz.fa.em3.oraclecloud.com/hcmUI/CandidateExperience/en/job/24653,oracle_orc,,In-Queue
Mozilla Foundation,"Senior Machine Learning Engineer, AI Platform",Remote US,,Firefox,Core,2026-06-09,2026-06-16,7,,https://job-boards.greenhouse.io/mozilla/jobs/7993046,greenhouse,,In-Queue
Smithsonian Institution,"Librarian (Japanese Art), IS-1410-12","Washington, DC",,,Peripheral,2026-06-09,2026-06-16,7,,https://trustcareers.si.edu/jobs/525909,rss,,In-Queue
McGraw Hill,"Instructional Designer, ELA/SLA",United States,,,Core,2026-06-09,2026-06-16,7,,https://careers-mheducation.icims.com/jobs/6845/login,jibe,Req: 6845,In-Queue
Pearson,"Principal, Technology Business Partner",United States,Remote,,Core,2026-06-09,2026-06-16,7,,https://hccz.fa.em3.oraclecloud.com/hcmUI/CandidateExperience/en/job/24542,oracle_orc,,In-Queue
Wikimedia Foundation,"Senior Site Reliability Engineer, Data Persistence",Remote,,Product & Technology,Core,2026-06-08,2026-06-16,8,,https://job-boards.greenhouse.io/wikimedia/jobs/7972965,greenhouse,,In-Queue
Curriculum Associates,"Regional VP, Government Relations",US Remote,,,Peripheral,2026-06-08,2026-06-16,8,,https://curriculumassociates.wd5.myworkdayjobs.com/job/US-Remote/Regional-VP--Government-Relations_JR05230-2,workday,,In-Queue
PBS,Networking Engineer III,"Alexandria, VA",,,Core,2026-06-08,2026-06-16,8,,https://vhr-pbs.wd115.myworkdayjobs.com/job/Alexandria-VA/Networking-Engineer-III_JR1000289,workday,,In-Queue
OCLC,Sr. Events Coordinator,"Dublin, OH / Hybrid",,,Peripheral,2026-06-08,2026-06-16,8,,https://oclc.wd1.myworkdayjobs.com/job/Dublin-OH--Hybrid/Sr-Events-Coordinator_R0003854,workday,,In-Queue
Smithsonian Institution,"Education Program Specialist, IS-1720-09","Washington, DC",,,Peripheral,2026-06-08,2026-06-16,8,,https://trustcareers.si.edu/jobs/528359,rss,,In-Queue
Macmillan Learning,Network Engineer (Contract to Hire),120 Broadway,On-site,Information Technology,Core,2026-06-08,2026-06-16,8,,https://recruiting.ultipro.com/HOL1002HPHM/JobBoard/be27b89b-3cb9-491f-a1b0-42f8b077a9dd/OpportunityDetail?opportunityId=ad3a0802-d477-410f-a093-6a00237e2208,ultipro,Req: NETWO003398,In-Queue
Pearson,"Lead, UX Designer","Hoboken, NJ, United States",,,Core,2026-06-08,2026-06-16,8,,https://hccz.fa.em3.oraclecloud.com/hcmUI/CandidateExperience/en/job/24523,oracle_orc,,In-Queue
NoRedInk,Professional Learning Specialist,United States,,Customer Success,Peripheral,2026-06-05,2026-06-16,11,,https://www.noredink.com/job_post?gh_jid=7984210,greenhouse,,In-Queue
Smithsonian Institution,"Senior Manager, Marketing & Audience Development, IS-1101-13","Washington, DC",,,Peripheral,2026-06-05,2026-06-16,11,,https://trustcareers.si.edu/jobs/525369,rss,,In-Queue
Smithsonian Institution,"Associate Gift Registrar, IS-1001-09","Washington, DC",,,Peripheral,2026-06-05,2026-06-16,11,,https://trustcareers.si.edu/jobs/527481,rss,,In-Queue
Zearn,Partner Success Manager - Louisiana,Remote,Remote,Partnerships,Core,2026-06-05,2026-06-16,11,,https://apply.workable.com/zearn/j/892E5F202C,workable,,In-Queue
Zearn,Partner Success Manager - Texas,Remote,Remote,Partnerships,Peripheral,2026-06-05,2026-06-16,11,,https://apply.workable.com/zearn/j/4536F0CE07,workable,,In-Queue
Pearson,"Lead Specialist, Measurement",United States,Remote,,Peripheral,2026-06-05,2026-06-16,11,,https://hccz.fa.em3.oraclecloud.com/hcmUI/CandidateExperience/en/job/23639,oracle_orc,,In-Queue
Pearson,"Associate, Scoring Service","San Antonio, TX, United States",Remote,,Peripheral,2026-06-05,2026-06-16,11,,https://hccz.fa.em3.oraclecloud.com/hcmUI/CandidateExperience/en/job/24611,oracle_orc,,In-Queue
Amplify Education,Development Manager (ERP / HCM),Remote - United States,,,Peripheral,2026-06-04,2026-06-16,12,,https://amplify.wd1.myworkdayjobs.com/job/Remote---United-States/Development-Manager--ERP-HCM-_Req_12701-1,workday,,In-Queue
Macmillan Learning,Senior Marketing Manager,120 Broadway; Remote,Hybrid,Marketing,Peripheral,2026-06-04,2026-06-16,12,,https://recruiting.ultipro.com/HOL1002HPHM/JobBoard/be27b89b-3cb9-491f-a1b0-42f8b077a9dd/OpportunityDetail?opportunityId=712ac58b-5963-4420-a64d-b39c9ef214b9,ultipro,Req: SENIO003394,In-Queue
Macmillan Learning,Associate Editor,120 Broadway; Remote,Hybrid,Editorial,Peripheral,2026-06-04,2026-06-16,12,,https://recruiting.ultipro.com/HOL1002HPHM/JobBoard/be27b89b-3cb9-491f-a1b0-42f8b077a9dd/OpportunityDetail?opportunityId=9ac2c94a-a740-4a64-9e14-aba07a5e503a,ultipro,Req: ASSOC003395,In-Queue
Pearson,"Advanced Associate, Transportation & Material Processor","Cedar Rapids, IA, United States",On-site,,Peripheral,2026-06-04,2026-06-16,12,,https://hccz.fa.em3.oraclecloud.com/hcmUI/CandidateExperience/en/job/24562,oracle_orc,,In-Queue
Wikimedia Foundation,"Senior Engineering Manager, Wikimedia Enterprise ",Remote,,Advancement,Core,2026-06-03,2026-06-16,13,,https://job-boards.greenhouse.io/wikimedia/jobs/7946475,greenhouse,,In-Queue
OCLC,Associate Software Engineer,"Dublin, OH / Hybrid",,,Core,2026-06-03,2026-06-16,13,,https://oclc.wd1.myworkdayjobs.com/job/Dublin-OH--Hybrid/Associate-Software-Engineer_R0003850,workday,,In-Queue
Smithsonian Institution,"Publications Officer, IS-1001-13","Washington, DC",,,Peripheral,2026-06-03,2026-06-16,13,,https://trustcareers.si.edu/jobs/526074,rss,,In-Queue
McGraw Hill,Senior Sourcing Analyst,United States,FULL_TIME,,Peripheral,2026-06-03,2026-06-16,13,,https://careers-mheducation.icims.com/jobs/6842/login,jibe,Req: 6842,In-Queue
McGraw Hill,"Senior Director of Sourcing, Technology",United States,FULL_TIME,,Core,2026-06-03,2026-06-16,13,,https://careers-mheducation.icims.com/jobs/6844/login,jibe,Req: 6844,In-Queue
McGraw Hill,"Senior Director of Sourcing, Professional Services",United States,FULL_TIME,,Peripheral,2026-06-03,2026-06-16,13,,https://careers-mheducation.icims.com/jobs/6843/login,jibe,Req: 6843,In-Queue
Wikimedia Foundation,"Senior Site Reliability Engineer, Wikimedia Enterprise",Remote,,Advancement,Core,2026-06-02,2026-06-16,14,,https://job-boards.greenhouse.io/wikimedia/jobs/7946461,greenhouse,,In-Queue
Khan Academy,Science Content Reviewer (Freelancer),Remote,,International India,Peripheral,2026-06-02,2026-06-16,14,,https://job-boards.greenhouse.io/khanacademy/jobs/7685566,greenhouse,,In-Queue
OCLC,Lead Software Engineer,"Dublin, OH / Hybrid",,,Core,2026-06-02,2026-06-16,14,,https://oclc.wd1.myworkdayjobs.com/job/Dublin-OH--Hybrid/Lead-Software-Engineer_R0003847,workday,,In-Queue
McGraw Hill,Sr Software Engineer,United States,FULL_TIME,,Core,2026-06-02,2026-06-16,14,,https://careers-mheducation.icims.com/jobs/6799/login,jibe,Req: 6799,In-Queue
Pearson,"Team Manager, Portfolio Management",United States,Hybrid,,Peripheral,2026-06-02,2026-06-16,14,,https://hccz.fa.em3.oraclecloud.com/hcmUI/CandidateExperience/en/job/24324,oracle_orc,,In-Queue
Mozilla Foundation,"0->1 Engineer, Open Source AI",Remote US,,Mozilla.org,Core,2026-06-01,2026-06-16,15,,https://job-boards.greenhouse.io/mozilla/jobs/7747603,greenhouse,,In-Queue
Curriculum Associates,Technical Enablement Manager,US MA Remote,,,Core,2026-06-01,2026-06-16,15,,https://curriculumassociates.wd5.myworkdayjobs.com/job/US-MA-Remote/Technical-Enablement-Manager_JR05336,workday,,In-Queue
Amplify Education,"Marketing Manager, Platform",Remote - United States,,,Core,2026-06-01,2026-06-16,15,,https://amplify.wd1.myworkdayjobs.com/job/Remote---United-States/Marketing-Manager--Platform_Req_12747,workday,,In-Queue
Internet Archive,Partnership Development Manager,,,,Peripheral,2026-06-01,2026-06-16,15,$85k–$110k,https://workforcenow.adp.com/mascsr/default/mdf/recruitment/recruitment.html?cid=12261ced-819c-4d6d-af85-ffea690b6521&ccid=9201102651278_3&type=MP&lang=en_US&selectedMenuKey=currentOpenings&jobId=9201437014494_1,adp,,In-Queue
Wikimedia Foundation,Email Developer (Fundraising) (1 year Contract),Remote,,Advancement,Core,2026-05-29,2026-06-16,18,,https://job-boards.greenhouse.io/wikimedia/jobs/7920924,greenhouse,,In-Queue
Wikimedia Foundation,"Manager, Data Science (Product Analytics)",Remote,,Product & Technology,Core,2026-05-29,2026-06-16,18,,https://job-boards.greenhouse.io/wikimedia/jobs/7644445,greenhouse,,In-Queue
Wikimedia Foundation,"Movement Communications Specialist, Africa (Contract)",Remote,,Communications,Peripheral,2026-05-29,2026-06-16,18,,https://job-boards.greenhouse.io/wikimedia/jobs/7817453,greenhouse,,In-Queue
Wikimedia Foundation,"Senior Data Scientist, Ecosystems",Remote,,Product & Technology,Core,2026-05-29,2026-06-16,18,,https://job-boards.greenhouse.io/wikimedia/jobs/7913716,greenhouse,,In-Queue
Wikimedia Foundation,"Senior Site Reliability Engineer, Infrastructure Foundations",Remote,,Product & Technology,Core,2026-05-29,2026-06-16,18,,https://job-boards.greenhouse.io/wikimedia/jobs/7921820,greenhouse,,In-Queue
Wikimedia Foundation,"Senior Software Engineer, iOS",Remote,,Product & Technology,Core,2026-05-29,2026-06-16,18,,https://job-boards.greenhouse.io/wikimedia/jobs/7955274,greenhouse,,In-Queue
Wikimedia Foundation,"Senior Software Engineer, MediaWiki ",Remote,,Product & Technology,Core,2026-05-29,2026-06-16,18,,https://job-boards.greenhouse.io/wikimedia/jobs/7723398,greenhouse,,In-Queue
2U / edX,Director Of Software Engineering and Architecture,Crystal City,,Technology,Core,2026-05-29,2026-06-16,18,,https://job-boards.greenhouse.io/2u/jobs/8563286002,greenhouse,,In-Queue
2U / edX,"Group Product Manager, edX - Organic Product Discovery & Content Experience ",Crystal City,,Marketing,Core,2026-05-29,2026-06-16,18,,https://job-boards.greenhouse.io/2u/jobs/8502639002,greenhouse,,In-Queue
Age of Learning,Social Media Content Creator,"Glendale, CA (Hybrid)",,Production,Core,2026-05-29,2026-06-16,18,,https://jobs.lever.co/aofl/579ac58b-239a-40bd-8cca-bc178809fec2,lever,,In-Queue
Amplify Education,"Director, BPM Supply Chain",Remote - United States,,,Core,2026-05-29,2026-06-16,18,,https://amplify.wd1.myworkdayjobs.com/job/Remote---United-States/Director--BPM-Supply-Chain_Req_12735,workday,,In-Queue
OCLC,Senior Software Engineer - eResources,"Dublin, OH / Hybrid",,,Core,2026-05-28,2026-06-16,19,,https://oclc.wd1.myworkdayjobs.com/job/Dublin-OH--Hybrid/Senior-Software-Engineer---eResources_R0003673,workday,,In-Queue
Amplify Education,Technology Management Analyst,Remote - United States,,,Core,2026-05-28,2026-06-16,19,,https://amplify.wd1.myworkdayjobs.com/job/Remote---United-States/Technology-Management-Analyst_Req_12728-1,workday,,In-Queue
Macmillan Learning,Product Manager - Data & Decision Support (Level Depending on Experience),Remote,Hybrid,Product,Core,2026-05-28,2026-06-16,19,,https://recruiting.ultipro.com/HOL1002HPHM/JobBoard/be27b89b-3cb9-491f-a1b0-42f8b077a9dd/OpportunityDetail?opportunityId=6d59e6cf-1fa7-42c1-8cf5-eececa046a8e,ultipro,Req: ASSOC003381,In-Queue
McGraw Hill,Corporate Account Manager,United States,FULL_TIME,,Peripheral,2026-05-28,2026-06-16,19,,https://careers-mheducation.icims.com/jobs/6813/login,jibe,Req: 6813,In-Queue
Pearson,"Associate, Scoring Service",United States,Remote,,Peripheral,2026-05-28,2026-06-16,19,,https://hccz.fa.em3.oraclecloud.com/hcmUI/CandidateExperience/en/job/24493,oracle_orc,,In-Queue
Curriculum Associates,"Senior Manager, Business Development",2 Locations,,,Peripheral,2026-05-27,2026-06-16,20,,https://curriculumassociates.wd5.myworkdayjobs.com/job/US-NC-Greensboro/Senior-Manager--Business-Development_JR05311,workday,,In-Queue
Smithsonian Institution,"Marketing & Membership Assistant, IS-1101-07","Washington, DC",,,Peripheral,2026-05-27,2026-06-16,20,,https://trustcareers.si.edu/jobs/523023,rss,,In-Queue
Macmillan Learning,Marketing Assistant,Remote,Hybrid,Marketing,Peripheral,2026-05-27,2026-06-16,20,,https://recruiting.ultipro.com/HOL1002HPHM/JobBoard/be27b89b-3cb9-491f-a1b0-42f8b077a9dd/OpportunityDetail?opportunityId=66f629ea-656b-4e66-947a-dd9c1290b7b2,ultipro,Req: MARKE003387,In-Queue
American Museum of Natural History,MAT ESRP Adjunct Faculty (Science Practicum Field Instructor),"New York, NY",,,Peripheral,2026-05-27,2026-06-16,20,,https://careers.amnh.org/postings/4815,amnh,,In-Queue
McGraw Hill,National Achievement Specialist (Southern CA),"California, United States",FULL_TIME,,Peripheral,2026-05-27,2026-06-16,20,,https://careers-mheducation.icims.com/jobs/6822/login,jibe,Req: 6822,In-Queue
Pearson,"Lead Specialist, Product Management","Hoboken, NJ, United States",Hybrid,,Core,2026-05-27,2026-06-16,20,,https://hccz.fa.em3.oraclecloud.com/hcmUI/CandidateExperience/en/job/24407,oracle_orc,,In-Queue
Mozilla Foundation,"Senior Solutions Engineer (DACH), Firefox Enterprise",Remote,,New Products,Core,2026-05-26,2026-06-16,21,,https://job-boards.greenhouse.io/mozilla/jobs/7921523,greenhouse,,In-Queue
Amplify Education,"Product Marketing Manager, Core Math",Remote - United States,,,Core,2026-05-26,2026-06-16,21,,https://amplify.wd1.myworkdayjobs.com/job/Remote---United-States/Product-Marketing-Manager--Core-Math_Req_12719,workday,,In-Queue
Amplify Education,"Director, Corporate Communications",Remote - United States,,,Peripheral,2026-05-26,2026-06-16,21,,https://amplify.wd1.myworkdayjobs.com/job/Remote---United-States/Director--Corporate-Communications_Req_12706,workday,,In-Queue
Amplify Education,"Senior Director, People Technology & Analytics",Remote - United States,,,Core,2026-05-26,2026-06-16,21,,https://amplify.wd1.myworkdayjobs.com/job/Remote---United-States/Senior-Director--Technology---Analytics_Req_12690,workday,,In-Queue
Macmillan Learning,Senior AI Engineer,Remote; 120 Broadway,Hybrid,Technology,Core,2026-05-26,2026-06-16,21,,https://recruiting.ultipro.com/HOL1002HPHM/JobBoard/be27b89b-3cb9-491f-a1b0-42f8b077a9dd/OpportunityDetail?opportunityId=2c928801-5fe2-42eb-9cd5-3841bc202af5,ultipro,Req: SENIO003386,In-Queue
Macmillan Learning,"Associate/Associate Manager, Backlists & Trends - Audio",Remote,Hybrid,Audio,Peripheral,2026-05-26,2026-06-16,21,,https://recruiting.ultipro.com/HOL1002HPHM/JobBoard/be27b89b-3cb9-491f-a1b0-42f8b077a9dd/OpportunityDetail?opportunityId=b61a7829-db26-4b7d-ad30-79e55f8200c4,ultipro,Req: ASSOC003322,In-Queue
Curriculum Associates,Account Development Specialist - AZ,Arizona,,,Peripheral,2026-05-22,2026-06-16,25,,https://curriculumassociates.wd5.myworkdayjobs.com/job/Arizona/Account-Development-Specialist---Tucson--AZ_JR05023,workday,,In-Queue
Amplify Education,Business Process Management Analyst,Remote - United States,,,Peripheral,2026-05-22,2026-06-16,25,,https://amplify.wd1.myworkdayjobs.com/job/Remote---United-States/Business-Process-Management-Analyst_Req_12716,workday,,In-Queue
Amplify Education,Marketing AI Specialist,Remote - United States,,,Core,2026-05-22,2026-06-16,25,,https://amplify.wd1.myworkdayjobs.com/job/Remote---United-States/Marketing-AI-Specialist_Req_12715,workday,,In-Queue
Macmillan Learning,"Associate, Publishing Strategy",Remote; 120 Broadway,Hybrid,Book Publishing,Core,2026-05-22,2026-06-16,25,,https://recruiting.ultipro.com/HOL1002HPHM/JobBoard/be27b89b-3cb9-491f-a1b0-42f8b077a9dd/OpportunityDetail?opportunityId=01c521e0-79b8-4370-82e5-fa5d3f10fb95,ultipro,Req: ASSOC003378,In-Queue
McGraw Hill,Senior Project Manager - K12 International Projects,"Ohio, United States",FULL_TIME,,Peripheral,2026-05-22,2026-06-16,25,,https://careers-mheducation.icims.com/jobs/6662/login,jibe,Req: 6662,In-Queue
Pearson,"Advanced Associate, Candidate Relations Coordinator","Lehi, UT, United States",On-site,,Peripheral,2026-05-22,2026-06-16,25,,https://hccz.fa.em3.oraclecloud.com/hcmUI/CandidateExperience/en/job/24227,oracle_orc,,In-Queue
Amplify Education,Web Project Manager,Remote - United States,,,Peripheral,2026-05-21,2026-06-16,26,,https://amplify.wd1.myworkdayjobs.com/job/Remote---United-States/Web-Project-Manager_Req_12714,workday,,In-Queue
Amplify Education,Senior Software Engineer,Remote - United States,,,Core,2026-05-21,2026-06-16,26,,https://amplify.wd1.myworkdayjobs.com/job/Remote---United-States/Senior-Software-Engineer_Req_12713,workday,,In-Queue
Amplify Education,"Director, Business Systems Technology",Remote - United States,,,Core,2026-05-21,2026-06-16,26,,https://amplify.wd1.myworkdayjobs.com/job/Remote---United-States/Director--Business-Systems-Technology_Req_12712,workday,,In-Queue
Macmillan Learning,Associate Contracts Manager,Remote; 120 Broadway,Hybrid,Bids & Contracts,Peripheral,2026-05-21,2026-06-16,26,,https://recruiting.ultipro.com/HOL1002HPHM/JobBoard/be27b89b-3cb9-491f-a1b0-42f8b077a9dd/OpportunityDetail?opportunityId=0014a3e5-d452-46a0-8eca-723d20edad6a,ultipro,Req: ASSOC003376,In-Queue
2U / edX,"Senior Director, edX Brand & Content ",Crystal City,,Marketing,Peripheral,2026-05-20,2026-06-16,27,,https://job-boards.greenhouse.io/2u/jobs/8518999002,greenhouse,,In-Queue
Smithsonian Institution,"Electronics Engineer, IS-855-13","Washington, DC",,,Core,2026-05-20,2026-06-16,27,,https://trustcareers.si.edu/jobs/517251,rss,,In-Queue
Smithsonian Institution,"Electronics Engineer, IS-0855-14","Washington, DC",,,Core,2026-05-20,2026-06-16,27,,https://trustcareers.si.edu/jobs/517319,rss,,In-Queue
Macmillan Learning,Editorial Assistant (STEM and Economics),"Remote; Texas Quarry Oaks; Austin, TX",Hybrid,Editorial,Peripheral,2026-05-20,2026-06-16,27,,https://recruiting.ultipro.com/HOL1002HPHM/JobBoard/be27b89b-3cb9-491f-a1b0-42f8b077a9dd/OpportunityDetail?opportunityId=244ab109-0174-4e5e-b0aa-4ae480a65705,ultipro,Req: EDITO003342,In-Queue
Amplify Education,"Instructional Coach, Math - NYC (Fixed - Term)",2 Locations,,,Peripheral,2026-05-19,2026-06-16,28,,https://amplify.wd1.myworkdayjobs.com/job/Remote---NY/Instructional-Coach--Math---NYC--Fixed---Term-_Req_12708,workday,,In-Queue
Curriculum Associates,Senior Functional Business Analyst,US Remote,,,Peripheral,2026-05-18,2026-06-16,29,,https://curriculumassociates.wd5.myworkdayjobs.com/job/US-Remote/Senior-IT-Business-Analyst_JR04910,workday,,In-Queue
Education Development Center,"VISUAL DESIGNER, INTERACTIVE & STORYTELLING - (GRAPHIC DESIGN ASSOCIATE II) ","New York, NY, us",Full-time,President's office/Communications,Core,2026-05-18,2026-06-16,29,,https://jobs.smartrecruiters.com/educationdevelopmentcenter/744000127064909,smartrecruiters,,In-Queue
American Museum of Natural History,"Director, Planned Giving","New York, NY",,,Peripheral,2026-05-18,2026-06-16,29,,https://careers.amnh.org/postings/4811,amnh,,In-Queue
American Museum of Natural History,"Senior Director, Advancement Events","New York, NY",,,Peripheral,2026-05-18,2026-06-16,29,,https://careers.amnh.org/postings/4813,amnh,,In-Queue
Digital Promise,Principal Statistician,Remote (United States),REMOTE,Center for Learning Sciences,Peripheral,,2026-06-16,,,https://ats.rippling.com/digital-promise/jobs/f313f3dd-dd83-4b6b-871a-6bc03f828781,rippling,ID: f313f3dd-dd83-4b6b-871a-6bc03f828781,In-Queue
Digital Promise,Contract Content Area Specialist ,Remote (United States),REMOTE,Powerful Learning,Peripheral,,2026-06-16,,,https://ats.rippling.com/digital-promise/jobs/ea219fba-02da-42f8-9cd7-4880051ae933,rippling,ID: ea219fba-02da-42f8-9cd7-4880051ae933,In-Queue
Digital Promise,Contract Data Analyst ,Remote (United States),REMOTE,Powerful Learning,Core,,2026-06-16,,,https://ats.rippling.com/digital-promise/jobs/6c66a8ac-386d-41b5-b682-ab2400f10ea8,rippling,ID: 6c66a8ac-386d-41b5-b682-ab2400f10ea8,In-Queue
Digital Promise,Contract Facilitator,Remote (United States),REMOTE,Powerful Learning,Peripheral,,2026-06-16,,,https://ats.rippling.com/digital-promise/jobs/f67fd09e-35b1-4e3e-8f96-c99c17c8bfab,rippling,ID: f67fd09e-35b1-4e3e-8f96-c99c17c8bfab,In-Queue
Digital Promise,Contract Learning Design + Facilitator (Hybrid),Remote (United States),REMOTE,Powerful Learning,Core,,2026-06-16,,,https://ats.rippling.com/digital-promise/jobs/c003bafd-f678-49de-afc1-a2174b4ce2c1,rippling,ID: c003bafd-f678-49de-afc1-a2174b4ce2c1,In-Queue
Digital Promise,Contract Learning Designer,Remote (United States),REMOTE,Powerful Learning,Core,,2026-06-16,,,https://ats.rippling.com/digital-promise/jobs/40f1e705-2633-434e-9b0d-bd7a9e04e83a,rippling,ID: 40f1e705-2633-434e-9b0d-bd7a9e04e83a,In-Queue
Digital Promise,Contract Technologist ,Remote (United States),REMOTE,Powerful Learning,Peripheral,,2026-06-16,,,https://ats.rippling.com/digital-promise/jobs/33ecc6ee-5cd9-4232-bcb8-84ecff64895f,rippling,ID: 33ecc6ee-5cd9-4232-bcb8-84ecff64895f,In-Queue
Digital Promise,"Director of Communications, Powerful Learning",Remote (United States),REMOTE,Powerful Learning,Peripheral,,2026-06-16,,,https://ats.rippling.com/digital-promise/jobs/b8a10108-90e1-40c2-827a-cad285957a3e,rippling,ID: b8a10108-90e1-40c2-827a-cad285957a3e,In-Queue
HMH (Houghton Mifflin Harcourt),Sr Analytics Engineer,US,Regular Full-Time,Software Engineering Jobs,Core,,2026-06-16,,,https://careers.hmhco.com/job/Sr-Analytics-Engineer/1399440500/,successfactors,,In-Queue
HMH (Houghton Mifflin Harcourt),Sr AP Coord,"MH, IN",Regular Full-Time,Software Engineering Jobs,Core,,2026-06-16,,,https://careers.hmhco.com/job/Bhurai-In-Sr-AP-Coord-MH/1397961900/,successfactors,,In-Queue
HMH (Houghton Mifflin Harcourt),Assoc Delivery Lead,"MH, IN",Regular Full-Time,Software Engineering Jobs,Core,,2026-06-16,,,https://careers.hmhco.com/job/Bhurai-In-Assoc-Delivery-Lead-MH/1380848200/,successfactors,,In-Queue
HMH (Houghton Mifflin Harcourt),"Director, Master Data",US,Regular Full-Time,Data Science Jobs,Core,,2026-06-16,,,https://careers.hmhco.com/job/Director%2C-Master-Data/1396044100/,successfactors,,In-Queue
HMH (Houghton Mifflin Harcourt),Sr Delivery Lead,"MH, IN",Regular Full-Time,Software Engineering Jobs,Core,,2026-06-16,,,https://careers.hmhco.com/job/Bhurai-In-Sr-Delivery-Lead-MH/1395410900/,successfactors,,In-Queue
HMH (Houghton Mifflin Harcourt),Professional Learning Coach,US,Contractor,Instructional Coaching Jobs,Peripheral,,2026-06-16,,,https://careers.hmhco.com/job/Professional-Learning-Coach/1377357700/,successfactors,,In-Queue
HMH (Houghton Mifflin Harcourt),Staff Software Engineer,US,Regular Full-Time,Software Engineering Jobs,Core,,2026-06-16,,,https://careers.hmhco.com/job/Staff-Software-Engineer/1277239500/,successfactors,,In-Queue
HMH (Houghton Mifflin Harcourt),Data Analyst,"MH, IN",Regular Full-Time,Software Engineering Jobs,Core,,2026-06-16,,,https://careers.hmhco.com/job/Bhurai-In-Data-Analyst-MH/1384859900/,successfactors,,In-Queue
HMH (Houghton Mifflin Harcourt),Sr Software Engineer,US,Regular Full-Time,Software Engineering Jobs,Core,,2026-06-16,,,https://careers.hmhco.com/job/Sr-Software-Engineer/1270094100/,successfactors,,In-Queue
HMH (Houghton Mifflin Harcourt),"Instructional Learning Coach (Contingent, Spanish-Speaking Focus)",US,Contractor,Instructional Coaching Jobs,Peripheral,,2026-06-16,,,https://careers.hmhco.com/job/Instructional-Learning-Coach-%28Contingent%2C-Spanish-Speaking-Focus%29/1392175900/,successfactors,,In-Queue
Carnegie Learning,Campus Coach,Territory - Texas - TX,Full Time,,Peripheral,,2026-06-16,,,https://www.paycomonline.net/v4/ats/web.php/jobs/ViewJobDetails?job=474537&clientkey=CDD5880F7074A7DA04A1A00A3B0CD380,paycom,,In-Queue
Carnegie Learning,"Content Specialist, Math",,Part Time,,Peripheral,,2026-06-16,,,https://www.paycomonline.net/v4/ats/web.php/jobs/ViewJobDetails?job=541785&clientkey=CDD5880F7074A7DA04A1A00A3B0CD380,paycom,,In-Queue
Carnegie Learning,"Content Specialist, World Languages",,Part Time,,Peripheral,,2026-06-16,,,https://www.paycomonline.net/v4/ats/web.php/jobs/ViewJobDetails?job=541776&clientkey=CDD5880F7074A7DA04A1A00A3B0CD380,paycom,,In-Queue
Carnegie Learning,"Director of Product Management, Literacy/ELA",,Full Time,,Core,,2026-06-16,,,https://www.paycomonline.net/v4/ats/web.php/jobs/ViewJobDetails?job=436968&clientkey=CDD5880F7074A7DA04A1A00A3B0CD380,paycom,,In-Queue
Carnegie Learning,"Director of Product Management, Secondary Mathematics",,Full Time,,Core,,2026-06-16,,,https://www.paycomonline.net/v4/ats/web.php/jobs/ViewJobDetails?job=437013&clientkey=CDD5880F7074A7DA04A1A00A3B0CD380,paycom,,In-Queue
Carnegie Learning,Manager of School Partnerships,"Las Vegas, NV - Las Vegas, NV",Full Time,,Peripheral,,2026-06-16,,,https://www.paycomonline.net/v4/ats/web.php/jobs/ViewJobDetails?job=538697&clientkey=CDD5880F7074A7DA04A1A00A3B0CD380,paycom,,In-Queue
Carnegie Learning,"Manager of School Partnerships, Literacy/ELA",Kentucky - KY,Full Time,,Peripheral,,2026-06-16,,,https://www.paycomonline.net/v4/ats/web.php/jobs/ViewJobDetails?job=532495&clientkey=CDD5880F7074A7DA04A1A00A3B0CD380,paycom,,In-Queue
Carnegie Learning,"Manager of School Partnerships, Mathematics",Territory - North US (PA) - PA,Full Time,,Peripheral,,2026-06-16,,,https://www.paycomonline.net/v4/ats/web.php/jobs/ViewJobDetails?job=476963&clientkey=CDD5880F7074A7DA04A1A00A3B0CD380,paycom,,In-Queue
ISTE+ASCD,"Manager, Learning Management Systems","2111 WILSON BLVD SUITE 300 - ARLINGTON, VA 22201",Full Time,,Peripheral,,2026-06-16,,,https://www.paycomonline.net/v4/ats/web.php/jobs/ViewJobDetails?job=295534&clientkey=3285FE2D79C3558D801688A7322BB2BC,paycom,,In-Queue